[10:35:00.381] [info] Starting application, logging enabled.
[10:35:00.382] [info] Loading asset PLY: assets/models/explosion/explosion_pyr0.ply
[10:35:00.382] [info] Loaded 1024 asset primitives
==PROF== Connected to process 204816 (/home/kacper/thesis/build/bin/Release/test_runner)

════════════════════════════════════════════════════════
Running multi-view test: asset_validation
Description: Generic Gaussian asset: assets/models/explosion/explosion_pyr0.ply
Primitives: 1024
Cameras: 1
SPP: 4
════════════════════════════════════════════════════════

  [1/1] Rendering camera 0 → test_results/asset_validation/0000.exr
    Resolution: 256×256 (perspective)
[10:35:00.634] [info] Created CUDA context for device 0 (NVIDIA GeForce RTX 3090), compute capability 8.6
[10:35:00.675] [info] Loading environment map from 'assets/environment_maps/meadow_2_4k.hdr'
[10:35:00.735] [info] Successfully loaded environment map: 4096x2048x4
[10:35:00.771] [info] IAS compaction issued (310144 -> 159360 bytes)
[10:35:00.780] [info] OptiX pipeline built
[10:35:00.781] [info] Render params: max_depth=128 rr_depth=12 rr_max_survival=0.990 hg_g=0.850 firefly_clamp=0 filter_stddev=0 (box) seed=42 denoise=false
[10:35:00.781] [info] Launching OptiX pipeline - will render 1024 Gaussians in 1 batches (4 spp total)...
[10:35:00.781] [info] Rendering batch 1/1: samples [0, 4)
[10:35:03.102] [info] Cap check: 0 overflows (HIT_BUFFER_CAPACITY and MAX_ACTIVE_PRIMS sufficient for this run).
[10:35:03.102] [info] All batches complete, saving image...
[10:35:03.102] [info] Saving render (256x256, 4 spp)
[10:35:03.102] [info] Saving to 'test_results/asset_validation/0000.exr'
[10:35:03.103] [info] Rendering complete - Total time: 2.323s (2322 ms)
    ✓ Camera 0 completed

✓ Multi-view test completed successfully
  Output directory: test_results/asset_validation
==PROF== Disconnected from process 204816
"ID","Process ID","Process Name","Host Name","Kernel Name","Context","Stream","Block Size","Grid Size","Device","CC","Section Name","Metric Name","Metric Unit","Metric Value"
"0","204816","test_runner","127.0.0.1","optixLaunch","1","13","(128, 1, 1)","(512, 1, 1)","0","8.6","Command line profiler metrics","dram__bytes.sum","byte","4 048 299 904"
"0","204816","test_runner","127.0.0.1","optixLaunch","1","13","(128, 1, 1)","(512, 1, 1)","0","8.6","Command line profiler metrics","gpu__dram_throughput.avg.pct_of_peak_sustained_elapsed","%","2,14"
"0","204816","test_runner","127.0.0.1","optixLaunch","1","13","(128, 1, 1)","(512, 1, 1)","0","8.6","Command line profiler metrics","gpu__time_duration.sum","ns","207 456 768"
"0","204816","test_runner","127.0.0.1","optixLaunch","1","13","(128, 1, 1)","(512, 1, 1)","0","8.6","Command line profiler metrics","sm__inst_executed_pipe_fma.sum","inst","6 860 822 332"
"0","204816","test_runner","127.0.0.1","optixLaunch","1","13","(128, 1, 1)","(512, 1, 1)","0","8.6","Command line profiler metrics","sm__throughput.avg.pct_of_peak_sustained_elapsed","%","16,38"
"0","204816","test_runner","127.0.0.1","optixLaunch","1","13","(128, 1, 1)","(512, 1, 1)","0","8.6","Command line profiler metrics","smsp__thread_inst_executed_per_inst_executed.ratio","","6,54"
