[10:34:55.897] [info] Starting application, logging enabled.
[10:34:55.897] [info] Loading asset PLY: assets/models/tornado/tornado_pyr0.ply
[10:34:55.898] [info] Loaded 768 asset primitives
==PROF== Connected to process 204737 (/home/kacper/thesis/build/bin/Release/test_runner)

════════════════════════════════════════════════════════
Running multi-view test: asset_validation
Description: Generic Gaussian asset: assets/models/tornado/tornado_pyr0.ply
Primitives: 768
Cameras: 1
SPP: 4
════════════════════════════════════════════════════════

  [1/1] Rendering camera 0 → test_results/asset_validation/0000.exr
    Resolution: 256×256 (perspective)
[10:34:56.279] [info] Created CUDA context for device 0 (NVIDIA GeForce RTX 3090), compute capability 8.6
[10:34:56.321] [info] Loading environment map from 'assets/environment_maps/meadow_2_4k.hdr'
[10:34:56.402] [info] Successfully loaded environment map: 4096x2048x4
[10:34:56.437] [info] IAS compaction issued (232960 -> 119424 bytes)
[10:34:56.447] [info] OptiX pipeline built
[10:34:56.447] [info] Render params: max_depth=128 rr_depth=12 rr_max_survival=0.990 hg_g=0.850 firefly_clamp=0 filter_stddev=0 (box) seed=42 denoise=false
[10:34:56.448] [info] Launching OptiX pipeline - will render 768 Gaussians in 1 batches (4 spp total)...
[10:34:56.448] [info] Rendering batch 1/1: samples [0, 4)
[10:35:00.109] [info] Cap check: 0 overflows (HIT_BUFFER_CAPACITY and MAX_ACTIVE_PRIMS sufficient for this run).
[10:35:00.109] [info] All batches complete, saving image...
[10:35:00.109] [info] Saving render (256x256, 4 spp)
[10:35:00.109] [info] Saving to 'test_results/asset_validation/0000.exr'
[10:35:00.110] [info] Rendering complete - Total time: 3.662s (3662 ms)
    ✓ Camera 0 completed

✓ Multi-view test completed successfully
  Output directory: test_results/asset_validation
==PROF== Disconnected from process 204737
"ID","Process ID","Process Name","Host Name","Kernel Name","Context","Stream","Block Size","Grid Size","Device","CC","Section Name","Metric Name","Metric Unit","Metric Value"
"0","204737","test_runner","127.0.0.1","optixLaunch","1","13","(128, 1, 1)","(512, 1, 1)","0","8.6","Command line profiler metrics","dram__bytes.sum","byte","1 937 807 488"
"0","204737","test_runner","127.0.0.1","optixLaunch","1","13","(128, 1, 1)","(512, 1, 1)","0","8.6","Command line profiler metrics","gpu__dram_throughput.avg.pct_of_peak_sustained_elapsed","%","0,64"
"0","204737","test_runner","127.0.0.1","optixLaunch","1","13","(128, 1, 1)","(512, 1, 1)","0","8.6","Command line profiler metrics","gpu__time_duration.sum","ns","332 437 984"
"0","204737","test_runner","127.0.0.1","optixLaunch","1","13","(128, 1, 1)","(512, 1, 1)","0","8.6","Command line profiler metrics","sm__inst_executed_pipe_fma.sum","inst","2 015 280 973"
"0","204737","test_runner","127.0.0.1","optixLaunch","1","13","(128, 1, 1)","(512, 1, 1)","0","8.6","Command line profiler metrics","sm__throughput.avg.pct_of_peak_sustained_elapsed","%","3,07"
"0","204737","test_runner","127.0.0.1","optixLaunch","1","13","(128, 1, 1)","(512, 1, 1)","0","8.6","Command line profiler metrics","smsp__thread_inst_executed_per_inst_executed.ratio","","7,23"
